"Silvina Ramírez","Conocí a Nino en el Seminario internacional de filosofía del derecho de Vaquerías, Córdoba, en los años 90. Eran los primeros encuentros, y académicos de la talla de Garzón Valdés, Bulygin, Alchourrón, fueron los principales expositores. En esa época, joven adscripta a la Cátedra de filosofía del derecho de Caracciolo, formaba parte de la organización del seminario y me asignaron comentar un trabajo de uno de los invitados extranjeros. No recuerdo ni siquiera el tema, pero sí mi nerviosismo por presentar una crítica de una ponencia frente a personas referentes en el campo de estudio, sobre un argumento -que sí recuerdo- conocía superficialmente, pero que me obligaba a decir 'algo inteligente' frente a tamaño auditorio. En primera fila estaba Carlos Nino, quien me aplaudió vehementemente cuando terminé mi presentación, y me invitó a compartir la mesa del almuerzo. Todavía hoy el recuerdo me saca una sonrisa. Nino tenía esa capacidad de entusiasmar, de transmitir la importancia de una discusión, o sólo de reconocer la tarea bien hecha. Fue, sin lugar a duda, una distinción para mí. También un aprendizaje, de que un intelectual puede -y me atrevo a decir debería- ser humilde, no impostado, cercano, y sobre todo un maestro."
"Ignacio Giuffré","La expresión 'constitucionalismo deliberativo' aparece de la mano de Carlos Nino. James Bohman la utilizó por primera vez en su artículo 'The Coming of Age of Deliberative Democracy', de 1998, al advertir que la teoría de la democracia deliberativa, surgida en los años 80, comenzaba entonces a preocuparse por su institucionalización. Entre las obras que situó a la vanguardia de ese tránsito del ideal de la democracia deliberativa a la práctica institucional, destacó precisamente la de Nino. Desde entonces, quienes trabajamos por un constitucionalismo más democrático y deliberativo participamos en una conversación que él ayudó a inaugurar."
"Martín Farrell","En un congreso de Filosofía del Derecho en Munster Carlos leyó un excelente trabajo, del cual nunca le había oído hablar, y cuando le pregunté de dónde lo había sacado contestó: -""Lo escribí en el viaje. No puedo dormir en los aviones"" (Fue el mejor trabajo del congreso)."
"Manuel M. Novillo","Suele decirse que Juicio al mal absoluto es un libro especial, ambicioso. También se piensa que es muchos libros, a la vez, o que tiene muchos libros adentro. Uno de historia argentina, uno de filosofía del castigo y la responsabilidad, uno de análisis comparativo del derecho. No suele decirse que tiene además una biografía de Raúl Alfonsín, o mejor dicho que —habiendo escrito en inglés— Carlos Nino en sus páginas parece asistido por el espíritu del más recordado biógrafo, James Boswell, el hombre que escribió The Life of Samuel Johnson. Una obra que, en gran medida, es sobre cómo Boswell veía a Johnson, el máximo intelectual de Inglaterra y una personalidad rutilante, y sobre cómo él se sentía alrededor del hombre. Entusiasmado, emocionado, un poco humillado, pequeño y menor, a veces insignificante, pero también útil, valiente, importante, validado. Sin dudas, además de todos los demás méritos que cosechó Juicio al mal absoluto existe este otro, que Nino muestre con minuciosidad, pero sin temor ni vergüenza, lo que significa trabajar a la par de un hombre que escribió un capítulo de la historia."
"Agustina Ramón Michel","De Carlos Nino no tengo anécdotas personales; las diferencias geográficas y temporales lo impidieron. Sí puedo contar sintéticamente qué significan para mí su nombre y sus ideas. Primero, el vínculo entre el derecho y la democracia, que nunca ha sido obvio ni fácil. Segundo, una comunidad (intelectual pero no solamente) que comenzó en la Facultad de Derecho de la Universidad Nacional de Tucumán y se ha extendido a Buenos Aires, donde vivo. Finalmente, la confianza en la conversación pública, que exige, ante todo, confianza en el otro."
"Roberto Gargarrella","Carlos Nino y la conversación infinita. Quisiera comenzar recordando muy brevemente quién fue, y qué hizo Carlos Nino, dado que, por la absurda velocidad de las cosas, todo se convierte en viejo, y por tanto en poco interesante, al cabo de unos días (¡y Nino murió hace más de 30 años!). En mi opinión, que no es desinteresada ni distante, Carlos Nino fue, por un lado, el jurista más importante e influyente de América Latina, en el siglo XX. Señalo esto teniendo en mente sus contribuciones al debate regional, en torno a la cuestión presidencialismo-parlamentarismo (junto con autores como Juan Linz, Alfred Stepan o Roberto Unger); y también sus aportes a las reformas constitucionales de fines del siglo XX (ahí, en especial, a partir de su conocida crítica al híper-presidencialismo latinoamericano). Focalizándome en la Argentina, destacaría su protagonismo en el diseño del Juicio a las Juntas (en mi opinión, el hecho jurídico más trascendente en la historia jurídica nacional); y en las discusiones previas a lo que luego sería la reforma constitucional de 1994. Por otro lado, subrayaría también que Nino fue uno de los filósofos políticos más significativos de su tiempo, en el ámbito internacional. Digo esto porque, a partir de su justificación epistémica de la democracia, él lideró (junto con académicos con los que tenía buen diálogo, como Jürgen Habermas, Joshua Cohen, o Jon Elster), los entonces incipientes estudios sobre la democracia deliberativa; a la vez que sobresalió, dentro del ámbito anglosajón, a partir de sus escritos acerca de la justificación consensual de la pena (que fueron discutidos por Thomas Scanlon, Larry Alexander, o su gran amigo Owen Fiss). De mis tiempos de trabajo junto con él resaltaría, sin dudas, los años compartidos en el mítico Seminario de los Viernes (va con las mayúsculas que no le gustaban). En esos encuentros, Nino se mostraba a pleno. Ahí, junto con Marcela Rodríguez, Marcelo Alegre, Roberto de Michele, Gabriel Bouzat, Florencia Luna y varios otros amigos y colegas, conocimos a Nino en su mejor versión: brillante, generoso, muerto de risa, gracioso y torpe a la vez, imbatible e inclaudicable en las discusiones. Esas sesiones del Seminario lo fueron todo, para muchos de nosotros. Desde la 'puesta en escena', con todos los participantes sentados alrededor de la misma mesa, en el mismo plano; hasta su deslumbrante media hora de comienzo, con Nino introduciendo de modo inigualable el texto a ser discutido; y finalmente, y sobre todo, los democráticos debates que seguían después, en donde cualquiera podía tratar de contradecir a cualquiera (se tratara de un artículo de Sandel, MacKinnon, Rawls, Scanlon, o Dworkin), incluyendo, por supuesto, al propio Nino. Todo así, en sesiones que se desarrollaban sin mayor orden, sin jerarquías, sin formalismos ni reverencias (Nino podía estar fumando su pipa, y nosotros con las piernas apoyadas sobre la mesa). En cada uno de esos encuentros, Nino les respondía y los (nos) refutaba a todos, paciente e invencible: ya sea a algún alumno recién ingresado al seminario, que se obstinaba en defender una posición exótica o algo alucinada; ya sea a Ernesto Garzón Valdés, a quien buscaba demostrarle que estaba seriamente equivocado (primero durante la sesión del Seminario, luego persiguiéndolo a través de los pasillos de la Facultad, y finalmente montándose en el mismo taxi que tomara Ernesto, con rumbo desconocido); ya sea al mismo Bruce Ackerman, con el fin de mostrarle contundentemente las debilidades y falencias de su teoría sobre los 'momentos constitucionales.' Postales inolvidables de la conversación infinita, que dejaron marcas indelebles sobre todos nosotros (entonces, Nino-boys and girls), sobre nuestra labor académica, sobre nuestra vida."
"Isabel Cristina Jaramillo (Colombia)","Carlos Nino inspiró a generaciones de brillantes abogados a defender las instituciones. Atreverse a semejante hazaña en momentos de tanta desconfianza sigue enseñándonos hoy sobre el lugar de los profesores de derecho en la construcción de las democracias."
"Leonardo García Jaramillo (Medellín, Colombia)","Una Idea Urgente: Dice Fiss (Fiss, Owen. 'The Death of a Public Intellectual', cito de la versión manuscrita facilitada por el autor) que Nino no fue el primer filósofo que forjó su carrera adoptando proposiciones contradictorias. Defendía la objetividad de los juicios morales, es decir, que el valor de verdad de ciertos principios no dependía de opiniones, creencias ni culturas. Podría resultar difícil conciliar esta tesis con la defensa de la democracia deliberativa. '¿Qué valor puede tener la política democrática si existe una verdad moral objetiva?', se pregunta Fiss. Sin embargo, Nino se encuentra entre los grandes filósofos que enfrentaron proposiciones contradictorias para intentar conciliarlas. El resultado fue su conocida justificación epistémica de la democracia deliberativa. Las verdades objetivas no se descubren mediante la imposición elitista ni el dogmatismo religioso sino a partir de un procedimiento intersubjetivo y deliberativo (constructivismo ético). La deliberación democrática constituye el medio epistémico óptimo para descubrir los juicios morales correctos, objetivamente hablando, por lo cual la validez última del derecho positivo proviene de su capacidad para reflejar la moralidad objetiva alcanzada mediante procesos deliberativos. El derecho puede concebirse entonces como la codificación de dicha verdad representada en ciertos principios cuya existencia y contenido normativo no dependen de la agregación mayoritaria. Los neopopulismos belicosos emprenden 'guerras culturales' para reemplazar conquistas deliberadas durante décadas por dogmas de fe y polarizaciones identitarias. Al desmantelar el diálogo intersubjetivo se erosionan la búsqueda colectiva de la verdad y los fundamentos mismos del Estado constitucional. La deliberación pierde su poder legitimador y el derecho deja de ser un instrumento de verdad moral para convertirse en un mero canal de dominación política. Contra esto luchó Nino y esta lucha está más viva hoy que nunca."
"Alicia Ely Yamin (Estados Unidos)","Hay un verso del poeta británico William Wordsworth que dice: 'Lo que hemos amado, otros amarán, y les enseñaremos cómo'. Conocí a Nino ya bastante mayor, gracias a Roberto Gargarella, y mi aprecio por él es inseparable de la perspectiva con la que Gargarella me mostró su devoción por la obra de Nino y por qué era tan importante en Argentina y más allá. Fue mientras hacía mi doctorado en la UBA, después de haber ejercido como abogada de derechos humanos durante décadas y de ser profesora en la Facultad de Derecho de Harvard, cuando empecé a estudiar a Nino. En rápida sucesión, devoré Ética y derechos humanos; La Constitución de la democracia deliberativa y Juicio al mal absoluto, además de algunos artículos. La obra de Nino me hizo darme cuenta (y ser crítica) de un positivismo frágil que impregna gran parte de la producción académica sobre el derecho internacional de los derechos humanos. Nombrada por la Corte Constitucional de Colombia como perita independiente en la implementación de la sentencia T 760/08, exploré los conceptos de Nino sobre la democracia deliberativa en términos de las posibilidades (y limitaciones) de los recursos judiciales dialógicos o 'suaves' con respecto a la transformación de los sistemas de salud. En Harvard tengo el privilegio de intentar mantener viva la cadena, enseñando a estudiantes que, espero, lleguen a valorar algunas de las ideas de Nino que tanto han significado para mí."
"Daniela Pearce","Leí a Nino en la UBA, pero lo conocí en las reuniones que convoca el Dr. Gargarella. Allí reina la dinámica de su maestro: sin jerarquías de por medio, la humildad y la generosidad dan lugar al debate abierto y a la crítica rigurosa."
"Irwin Stotzky","Recuerdo que Carlos Nino llegó a Miami en los años 1980 por invitación mía para visitar la Universidad de Miami. En una ocasión, se perdió mientras conducía y, por accidente, se encontró en medio de un enfrentamiento violento entre la policía y la comunidad negra en Coconut Grove, tras el tiroteo (asesinato) policial de un hombre negro. Cuando supe dónde estaba, conduje hasta el lugar para encontrarlo y sacarlo. Fue un momento aterrador y profundamente conmovedor. Hubo algo sorprendente en ver a Carlos ---un filósofo cuya vida estuvo dedicada a cuestiones de justicia, derechos, democracia y los fundamentos morales del derecho--- repentina y literalmente atrapado en medio de una crisis de raza, poder y violencia. Desde entonces he pensado muchas veces que el episodio captó algo esencial sobre Carlos. No era un filósofo que se mantuviera separado del mundo sobre el que teorizaba. Tenía una extraordinaria capacidad para moverse entre las cuestiones más abstractas de la filosofía moral y jurídica y los problemas concretos que enfrentan las sociedades democráticas. Como escribí más tarde, Carlos era un intelectual público poco común cuya búsqueda filosófica de la verdad era inseparable de su compromiso con la vida pública. Sus ideas sobre justicia, democracia, derechos y moralidad no fueron meros temas de discusión académica; fueron convicciones que lo arrastraron a las crisis y luchas del mundo que lo rodeaba. Ese día en Miami, sin quererlo, Carlos se encontró literalmente en medio de una de esas luchas, y yo me vi obligado a ir a rescatar a mi amigo."
"Miguel Gualano de Godoy","No llegué a conocer a Carlos Santiago Nino: se fue un 29 de agosto, se cumplen, precisamente, treinta y tres años, en La Paz, trabajando hasta el final en una reforma constitucional. Pero lo conocí igual, por una vía maravillosa para quien llega tarde: a través de su pupilo Roberto Gargarella, mi profesor lejano, coorientador en la Maestría y en el Doctorado, quien me enseñó a pensar con Carlos Santiago Nino y más allá de Nino. Mi primer libro, titulado 'Constitucionalismo y Democracia: una lectura a partir de Carlos Santiago Nino y Roberto Gargarella', fue, en el fondo, un intento de tomar en serio su constructivismo epistemológico y esa convicción tan suya de que la democracia vale porque es el procedimiento que mejor nos acerca, entre iguales, a decisiones imparciales. Pero lo que más cargo de Nino no es un argumento, sino una imagen: la Constitución y la interpretación constitucional como una Catedral inacabada, él pensaba en la Sagrada Familia, (donde justamente anda ahora Roberto Gargarella), que generaciones enteras levantaron sabiendo que no verían la última piedra, tal como Nino murió sin ver terminada ninguna Constitución, y sin ver, tampoco, esta torre final que se izó recién este mismo año, cien años después de la muerte de Gaudí. Esa imagen, que él usó para pensar la Constitución y su interpretación, hoy es también, sobre todo en el aula, mi manera de entender lo que significa ser profesor: alguien que asienta piedras de una catedral cuyo final no verá, y que en cada clase, generosamente, entrega el cincel."
"Miguel Ángel de Dios","Con Carlos era conversar, pensar, aprender, para mí fue disfrutar el placer pleno del debate y el pensamiento crítico. No había argumento que le llevaras que descartaba a priori pero muchas veces razonando te llevaba a darte cuenta que lo tenías que hacer. Ese legado me acompañó toda la vida. Ese intelectual sólido y vigoroso en el debate, comprometido con la consolidación democrática y los derechos humanos en las ideas y en la acción, era a su vez un buen tipo algo ingenuo y despistado. Era muy divertido compartir con él y los demás chicos que iba formando y agrupando. Con el tiempo se agiganta en mí la memoria y el honor de haber trabajado con Carlos en el inicio de la recuperación de la democracia."
"Vera Karam de Cheuri (UNFP) ","Conocí los escritos de Carlos Santiago Nino en 1989, cuando cursaba mi maestría en Filosofía del Derecho y, entre los libros que debíamos estudiar, se encontraba su Introducción al análisis del derecho. Nino realizó ese tránsito desde la filosofía y la teoría del derecho hacia la teoría constitucional, provocándonos a pensar el derecho (y la Constitución) en su dimensión normativa y en su exigencia de una justificación moral. Nino también participó activamente en el proceso de transición democrática tras la brutal dictadura argentina, lo que le confiere, además, la dimensión de un intelectual público. Murió joven y dejó un legado fundamental para el derecho latinoamericano, pero no solo esto. Nino sigue siendo una referencia para todas y todos quienes, en distintas partes del mundo, se dedican a reflexionar sobre el derecho, la moral, la ética, los derechos humanos, el constitucionalismo y la democracia, tanto en sus singularidades como en sus múltiples entrelazamientos."
"Gaspar Tizio","Nino llegó tarde a mi vida. No recuerdo haber leído nada suyo en los primeros años de mi formación de grado; recién hacia el final de ese período, con motivo de mi incursión como ayudante alumno de Introducción al Derecho en la UNLP, me conecté con su obra a través de Introducción al análisis del derecho. Allí comenzó una relación que solo se ha fortalecido con el tiempo. En el posgrado me resultó estimulante poner a conversar su Ética y derechos humanos con la literatura especializada sobre derechos fundamentales. Hoy buena parte de su bibliografía es recomendada a quienes cursan Introducción al Derecho, y cada cuatrimestre invito a quienes cursan a acercarse a sus textos por una virtud particular que le reconozco a Nino, especialmente valiosa para quienes dan sus primeros pasos en la disciplina: explicar conceptos profundamente complejos y abstractos con sencillez, sin resignar calidad intelectual. Volver fácil lo difícil es un don reservado a pocas personas ilustres."
"Marisa Iglesias","Recuerdo entrar en su despacho de la UPF, en Barcelona, durante una de sus visitas a nuestro grupo de investigación de filosofía del Derecho. Empecé a hablarle de mis progresos sobre el problema de la discreción judicial y el debate entre Hart y Dworkin. Mientras yo le exponía mis tesis, él continuaba escribiendo en su ordenador. Y, sin embargo, me seguía escuchando con atención y me interpelaba con preguntas certeras, con ese sentido tan fino para ir al fondo de la cuestión. «Un genio», pensé entonces. ¿Cómo, si no, podía alguien ser capaz de hacer tan bien varias cosas a la vez? Con el tiempo, profundizando en su concepción del Derecho y en la maravillosa metáfora de la práctica jurídica como la construcción de una catedral, confirmé que él era uno de esos pocos genios que dan con las grandes ideas: las que hacen bien varias cosas a la vez porque reconcilian teorías y conceptos que parecían condenados a enfrentarse. Se fue pronto, pero su genialidad marcó caminos por los que algunos y algunas llevamos una vida transitando."
"José Arthur Castillo de Macedo","Además de filósofo del derecho y moral muy conocido en Brasil y en el mundo, Carlos Santiago Nino aportó nuevas formas de pensar el derecho constitucional que tuvieron mucho impacto en el estado de Paraná (Brasil) y en la Facultad de Derecho de la Universidad Federal del Paraná (FD-UFPR). El constructivismo que desarrolló en Ética y derechos humanos influyó en los debates sobre una comprensión refinada de la autonomía y en una defensa sofisticada, desde el liberalismo, de los derechos sociales. Sus críticas al control de constitucionalidad y, sobre todo, su defensa de la democracia deliberativa influyeron en numerosos trabajos académicos, en la actuación de órganos estatales y en fallos del Supremo Tribunal Federal (STF) de Brasil. Igualmente, la crítica que él – y Roberto Gargarella – hicieron al hiperpresidencialismo tuvo consecuencias para el debate constitucional brasileño, que no prestaba la debida atención a sus repercusiones en el debilitamiento de nuestra democracia. Nino es una inspiración para nosotros como profesor, investigador riguroso e intelectual público comprometido con los derechos humanos y la democracia, que dedicó energía y pasión a construir y consolidar el respeto a los derechos, a la constitución y a la democracia en América Latina."
"Silvina Álvarez Medina","En un edificio tan voluminoso y retumbante, una estudiante que orillaba la búsqueda, que empezaba a bucear en el derecho y a sorber sus asperezas, podía encontrar en el profesor Carlos Nino estímulos luminosos. Para mí, fue un oasis, no solo como espacio filosófico, reflexivo, argumentativo; por entonces conocí en la UBA a más de una profesora y un profesor que dispararon mi interés. La singularidad, creo, no recayó solo en las ideas, que eran poderosas: salir de las normas simplemente heredadas para entrar en las normas debidas, las posibles, las deseadas. Fueron reveladores los finales abiertos, los problemas de respuestas inacabadas. Recuerdo su llaneza ante el dilema, la confianza en que precisamente la cabeza aún poco amueblada de una estudiante pudiese cavilar salidas desde el embrollo; recuerdo su interpelación: - '¿Usted qué piensa?'. Y entonces empezaba la búsqueda."
"Martín Böhmer","Nosotros no nos tuteábamos con nuestros mayores. Con él tampoco. Si pudiera hablarle hoy, después de una larga charla que incluiría las preguntas que me quedaron, y las ideas, los proyectos y la gente que él nos ayudó a cultivar, le diría: ""Disculpas, Doctor. Somos apenas su primer intento, pero como ve, de ninguna manera somos el último."""
"Roberto Saba","Fui estudiante de Carlos S. Nino en la Facultad de Derecho de la UBA, terminando la carrera allí por 1990. El curso era sobre control judicial de constitucionalidad (su ayudante de cátedra era Roberto Gargarella, que corregía semanalmente los trabajos que hacíamos en base a una pregunta que Nino nos planteaba cada siete días). Luego fui su ayudante en la Facultad y, más tarde, una vez recibido, trabajé cerca suyo y del resto de sus primeros discípulos en el Centro de Estudios Institucionales (el CEI) hasta su fallecimiento el 29 de agosto de 1993, noticia que recibí del propio Roberto en uno de los días más tristes de mi vida. Tuve mucha suerte de encontrarlo. Fue para mí siempre, desde aquellas clases en las que lo disfruté siendo yo estudiante, una fuente de inspiración, un faro sobre lo que significa ser un académico y un docente. Fue también, y quizá sobre todo, un intelectual público, como lo definió su gran amigo Owen Fiss, comprometido con los valores de la democracia liberal, el autogobierno, la libertad y la igualdad. Como intelectual público logró llevar sus sofisticadas ideas sobre teoría democrática, teoría de la constitución y justificación (y, más aún, la necesidad de esa justificación) de los derechos humanos a la acción política en los cruciales años de la reconstrucción democrática. Murió muy joven, pero vivió lo suficiente para dejarnos una producción intelectual con tanta potencia y energía que nos permitió llegar hasta hoy, en nuestros propios emprendimientos intelectuales y políticos, individuales y colectivos, con el impulso y la inspiración de su práctica y sus ideas. Aquel proyecto suyo de una academia profesional e independiente aún no se realiza. Es difícil por dinámicas estructurales que es muy complejo desarmar. Sin embargo, su ejemplo ha inspirado y continúa inspirando a más de tres generaciones. Pasó la antorcha a un pequeño grupo de jóvenes y ella sigue pasando a quienes los siguieron, encendiendo la esperanza de un país y un mundo más democrático, respetuoso de la autonomía de cada individuo y más igualitario. Sin duda eso es posible. Si él pensaba que era posible luego de la más oscura noche que vivió nuestro país en el siglo pasado, no tenemos derecho a perder el optimismo, no importa cuán adverso parezca ser el contexto histórico en el que vivimos."
"Romina Faerman","Carlos Nino aborda el principio de autonomía personal en muchas de sus obras. En 'Ética y Derechos Humanos' (1989) incluye un concepto de autonomía que se constituye como punto de partida para cualquier estudio sobre esta temática. Con el correr de los años fueron surgiendo diversas críticas feministas a algunas nociones que limitan la autonomía al deber de dejar a las personas a solas. Se objeta, centralmente, que esta idea implica una autonomía para 'pocos'. La mirada igualitaria de la autonomía de Nino, reflejada en su énfasis sobre los deberes de generar condiciones para su ejercicio, trasciende muchas de estas críticas. De hecho, puede entenderse que su concepto de autonomía sienta las bases para la construcción, a partir de los aportes de las teorías feministas, de un concepto de autonomía que se enfoque en las condiciones para su ejercicio en contextos de desigualdad social."
"Florencia Guerzovich","No conocí a Carlos Nino. De hecho, la primera vez que me dieron a leer un texto suyo, en primer año de la universidad, no entendí demasiado. Pero pocos años después, en 1999, recién graduada, fui beneficiaria de lo que él había ayudado a construir. Empecé a trabajar en la Dirección de Planificación de Políticas de Transparencia, y nos decían que la presencia de jóvenes profesionales tenía algo del espíritu del Consejo para la Consolidación de la Democracia. Aprendí cómo podían entrelazarse ideas, misión pública y práctica, y gané además un mentor, Roberto de Michele, que había aprendido del suyo. Con el tiempo entendí mejor esa dimensión colectiva e intergeneracional —algo que Sebastián Pereyra capturaría después al estudiar las redes que impulsaron la agenda de transparencia en Argentina, América Latina y mucho más allá— y cuánto de una tradición intelectual viaja no sólo en los textos, sino también a través de personas, instituciones y formas de hacer. Desde entonces, quizá el texto de Nino al que más he vuelto es aquel en que compara la construcción constitucional con la construcción de una catedral. Lo cité en mi tesis doctoral. Hoy me ayuda a entender y valorar mejor, cuando evalúo proyectos y procesos desde República Dominicana hasta Nepal, a quienes usan su agencia para contribuir a construir sistemas complejos de gobernanza: sin ver la obra terminada, combinando distintos 'estilos arquitectónicos' y trabajando con herramientas y horizontes de corto y mediano plazo. Y, sobre todo, lo sigo usando para invitar a activistas más jóvenes a reflexionar: para poner en perspectiva la montaña rusa de este trabajo, recordar que los resultados rara vez caben en nuestros propios tiempos y situar lo que hacemos como una contribución, necesariamente parcial, a una obra que empezó antes que nosotros y seguirá después."
"Gustavo Beade","Lo que Nino inventó: Nino fue el inventor del campo de investigación en el que trabajo hoy en día. Inventó un espacio para pensar problemas filosóficos en el derecho penal. Tal vez antes que muchos en Europa y Estados Unidos. Nino, cuando publica su tesis doctoral en español 'Los Límites de la Responsabilidad Penal' (y también en su tesis en la versión en inglés), hace algo que a mí me pareció fascinante de ver en un momento y que todavía sigue siendo algo notable: hace dialogar distintas tradiciones y sale con una idea propia y original. En estos textos hay citas de H.L.A. Hart, de Hans Welzel y de Sebastián Soler y eso termina en algo total y absolutamente original que él produce. La dogmática penal argentina, la dogmática penal alemana y la filosofía del derecho nunca antes habían compartido un espacio así. No había nada parecido a eso antes de su tesis. Esa puerta la abrió Nino. Leer a Nino era accesible, era claro, pero a la vez era muy profundo en esos trabajos de filosofía penal. Todos esos textos que publicó durante los primeros años 80, enriquecidos con citas de autores desconocidos en ese contexto (Dworkin, Rawls, Feinberg), tenían una idea muy iluminadora sobre los problemas que trataba que eran, en cierta medida, problemas tradicionales del derecho penal."
"Fernando Bracaccini","La influencia de Nino en las generaciones que le siguieron ha sido extraordinaria. Y con buena razón. A mí me ha hecho ver la democracia de un modo diferente. Gracias a Nino comprendí que la democracia es imperativa no solamente porque todos tenemos el derecho a determinar el rumbo de nuestras propias vidas, sino también porque cuando nos encontramos, dialogamos, intercambiamos experiencias, nos enteramos de las realidades de otros y, en definitiva, pensamos juntos, es más probable que hagamos las cosas bien. Nino ha propuesto mucho más que una teoría de la democracia; su trabajo es una invitación a encontrarnos a pensar con otros."
"Gabriel Bouzat","Conocí a Carlos Nino a principios de los 80 en un seminario de filosofía del derecho en Sadaf. Mi primera impresión fue que tenía una curiosidad intelectual inagotable y una mente que nunca dejaba de pensar. Fue una impresión correcta. La discusión era su territorio preferido. Nunca se daba por vencido y su capacidad de argumentar era infinita. Tuve el privilegio de acompañarlo como su asistente cuando fue asesor de Alfonsín, cuando presidió el Consejo para la Consolidación de la Democracia y en el Centro de Estudios Institucionales. Los temas en los que trabajamos y las discusiones en las que participamos en la primavera democrática son ya parte de la historia. La maestría con que relacionaba la teoría con la práctica política era magistral. Fue un intelectual comprometido, una mente brillante y una persona generosa.
Dos anécdotas. Cuando estaba estudiando en Yale Law School me vino a visitar a mi casa. Fue en 1987 y le mencioné la contradicción mayoritaria del libro de Bickel ""The least dangerous branch"". No la conocía. Al año había escrito un paper sobre control de constitucionalidad que terminó siendo la base de las ideas que desarrolló en sus últimos libros. Coincidimos también el verano de 1990 en Florianópolis. Escribía, en una precaria computadora, fundamentos del derecho constitucional bajo una sombrilla en la ardiente playa brasileña. En la vorágine de los acontecimientos que nos tocó vivir, no fui del todo consciente. Con el tiempo empecé a comprenderlo con claridad y se convirtió en una de las personas más importantes de mi vida. Mi agradecimiento eterno a su inteligencia, compromiso y generosidad."
"José Luis Martí","Inicié mis estudios en derecho en la Universidad Pompeu Fabra de Barcelona a fines de septiembre de 1993, pocos días después del fallecimiento de Carlos Nino, que de hecho había sido poco antes profesor visitante de esa universidad. Como es de esperar, yo no tenía ninguna idea de derecho y no había oído nunca hablar de Nino. Acudí a la facultad el primer día, con los nervios y emoción propios de cualquier nuevo estudiante con curiosidad. Entré a mi primera aula para tomar mi primera clase de la primera de las materias. Esa materia era Teoría del derecho. El profesor que la impartía era un joven y tímido argentino llamado Roberto Gargarella. Nos dijo que el libro que usaríamos para preparar esa materia era Introducción al análisis del derecho, de un tal Carlos Nino. Y, en los tres meses siguientes, nos habló frecuentemente no sólo de lo que contaba el manual, sino de muchos otros trabajos del que había sido su gran maestro. Ahora me doy cuenta de lo difícil que debió ser, del nudo en la garganta que debía tener al explicarnos todas esas ideas de su querido Nino, pocas semanas después de su muerte. Ahí se prendió, para mí, la luz de Nino. Algo parecido ocurrió en Teoría del derecho II, cursada en el trimestre siguiente, e impartida en esa ocasión por otro de sus principales discípulos: Carlos Rosenkrantz. Desde ese primer día del primer curso hasta hoy, 33 años más tarde, Nino no ha dejado de acompañarme e influir profundamente en mi aprendizaje y en mis investigaciones. Por ejemplo, fueron Jorge Malem y Ernesto Garzón Valdés quienes, tres años más tarde, me recomendaron leer La constitución de la democracia deliberativa, uno de sus libros póstumos, cuando yo estudiaba todavía cuarto curso. Esa lectura me impactó tanto, su luz fue tan resplandeciente, que, al año siguiente, me dispuse a iniciar un doctorado con una tesis sobre la teoría contemporánea de la democracia deliberativa, de la que Nino fue uno de sus precursores a nivel mundial, y para la que conté con la supervisión del propio Gargarella y de José Juan Moreso, mis maestros directos, y ahora también amigos. Nino se convirtió, digamos, en uno de mis héroes intelectuales, una combinación casi perfecta de académico de inteligencia prodigiosa, gran clarividencia y visión de conjunto, con un fuerte compromiso político personal con la protección de los derechos humanos y la mejora de las instituciones democráticas. Al leer sus libros y artículos, sentía siempre una mezcla de fascinación, admiración y sintonía. Podía tomar su luz como guía. Nino, en algún sentido, me resultaba sumamente cercano, pues todos los colegas que me rodeaban y mis propios maestros le habían conocido personalmente. Todos sin excepción le admiraban, y contaban también miles de anécdotas cuasi-legendarias de él, la mayoría muy divertidas. En otro sentido, me era tan lejano como pueda serlo cualquier filósofo al que uno admira pero que ya ha muerto, alguien que uno espera encontrar en los libros de historia de la filosofía política, pero no en un pasillo de la facultad. Una parte de mí siempre ha lamentado no haberle podido conocer personalmente. ¡Habría querido preguntarle tantas cosas, conversar sobre tantos temas, aprender tanto de él! Y estuve tan cerca de poderlo hacer… Otra parte de mí, sin embargo, lamenta su muerte, claro, pero prefiere que las cosas fueran como fueron, y que para mí Nino siga siendo lo que los jóvenes de hoy en día llaman un ser legendario y un ser de luz."
"Juan José Moreso","Evocaré en estas pocas líneas la enorme figura intelectual de Carlos Nino, desde mis recuerdos personales referidos, cuando yo tenía solo 31 años, al año 1990 del siglo pasado. Lo conocí en las Jornadas de Tossa de Mar en primavera de 1989, disertando sobre las necesidades básicas invitado por Jorge Malem el organizador durante años de un evento relevante en filosofía práctica. Después, en el invierno austral de 1990, viajé para una estancia de investigación a Buenos Aires, para trabajar con Eugenio Bulygin. Eugenio, que era amigo personal de Nino, me aconsejó trabajar cotidianamente en el Centro de Estudios Institucionales, que dirigía Nino y presidía Genaro R. Carrió, al que también tuve la fortuna de conocer. Fue un consejo excelente porque me permitió conocer mejor a Nino y entrar en relación con los llamados Nino-boys, Carlos Rosenkrantz (ahora Juez de la Corte Suprema de Argentina), Roberto Gargarella (tal vez el filósofo político y constitucionalista más relevante de Latinoamérica en estos momentos), Gabriel Bouzat, Martín Böhmer, Marcelo Alegre y tantos otros. Ahora todos ellos se cuentan entre mis amigos, mi vida académica no sería lo que ha sido sin este conocimiento. Sin el magisterio de Eugenio Bulygin y de Carlos Nino (a los que hay que añadir otro argentino, Ernesto Garzón Valdés, que estaba más cerca, en Bonn y que ha estado tras casi todas las iniciativas valiosas en filosofía del derecho en estos años), y sin la relación intelectual con estos colegas, mi recorrido habría sido más errático, sin duda alguna. Mi trayectoria personal no es inteligible sin Eugenio Bulygin, Ernesto Garzón y Carlos Nino, fueron para mí conditiones sine quibus non. Pues bien, en esa estancia en Buenos Aires, veía casi a diario a Carlos Nino y disfrutaba de sus enseñanzas que se extendían a la hora del almuerzo, a los paseos al salir del Centro en la Calle del Oro de Buenos Aires, en los asados que compartimos. Por eso a fines de 1990 le invité, dado que él estaba en Barcelona, invitado por Albert Calsamiglia a la Universidad Pompeu Fabra, a impartir una conferencia sobre John Rawls, en un seminario en la Universidad Autónoma de Barcelona, donde yo era un joven profesor, organizado por el Institut de Ciències Polítiques i Socials (entonces dirigido por Isidre Molas, decano de la Facultad de Derecho en la Universidad, y otra de las personas clave en mi trayectoria académica), el primer ciclo de seminarios que coordiné. Puedo terminar con una anécdota que describe bien el magisterio de Carlos Nino: antes de la sesión (Nino tenía esos días varios compromisos en Barcelona) me preguntó, mientras caminábamos hacia el aula, ‘¿aquí tengo que hablar acerca del fundamento de los derechos humanos?’, y yo le dije ‘No, profesor, sobre la teoría de la justicia de John Rawls’. Me miró sorprendido, pero después su conferencia fue la mejor presentación que nunca he escuchado de la doctrina de la justice as fairness. Así era Nino, hablaba siempre sin papeles, como si estuviera generando en ese momento un relato para la audiencia. Hablaba pausadamente, desgranando con claridad una idea y engarzándola con la siguiente. Se tomaba en serio todas las cuestiones que se le planteaban, a menudo reformulando la pregunta de un modo tan elegante y certero que hacía sentir bien al que preguntaba, asombrado a menudo de haber imaginado una pregunta tan inteligente. Verdaderamente con él sentíamos, como decía Bernardo de Chartres en la Edad Media, Nos esse nanos gigantum humeris insidentes ut possimus plura eis et remotiora videre. Y así ha discurrido, por fortuna, nuestra tarea intelectual, subidos a los hombros de gigantes como Nino para poder vislumbrar mejor y más lejos nuestro horizonte conceptual. Y, es claro, tantos años después seguimos echándolo mucho en falta."
"Gustavo Maurino","Estudié en Córdoba a comienzos de los años 90 y puedo jurar que me recibí de abogado sin jamás haber escuchado el nombre de Carlos Nino. Hoy me resulta casi imposible imaginar cómo podría comprender el derecho, los derechos, la moral, la democracia, la constitución, sin la influencia de la fuerza gravitacional de sus ideas -ya sea para seguirlas o para distanciarme de ellas- pero viví otra vida en la que así fue. Probablemente lo recuerde mal, pero apenas recibido participaba de un congreso de derecho penal. El acto de apertura se hacía en un imponente auditorio en la manzana jesuítica de Córdoba. Estaban allí los penalistas más destacados que conocíamos, los rostros de los libros que habíamos estudiado. Zaffaroni y Bacigalupo, seguramente Maier, en fin, la plana mayor. Se hacía de noche, la conferencia se demora, en el escenario se suceden conversaciones inquietas, susurros, sorpresa y estupor. El auditorio se cubre de un silencio incómodo. Uno de ellos toma la palabra, creo que fue Bacigalupo, no recuerdo; pide disculpas y visiblemente conmovido comenta que se han enterado del fallecimiento de Carlos Nino. El desasosiego de nuestros próceres penalistas es total, como si un agujero negro se hubiera abierto frente a ellos y toda la energía del derecho hubiera sido absorbida por él. Fue la primera vez que escuché el nombre de Carlos Nino. Unos años después, en un edificio gótico del barrio de Palermo volví a escucharlo, esta vez como un eco bondadoso y fértil en las voces primeras de Martín y de Roberto, multiplicado luego en las de Marcelo y Marcela, de Roberto y Robertino, de Gabriel y Carlos, de Jaime y Martín, y de tantos…y luego, no podría explicar cómo, pronunciada con familiaridad por la de mis compañerxs generacionales, y pronto por generaciones de estudiantes. Un nombre que viaja, como la luz, sin freno. Un eco constantemente afinado. No se me ocurre una pena mayor para una persona de derecho en mi país, que la de una vida privada de contacto con el nombre y las ideas de Nino. Por lo demás, la perspectiva de que nuestra cultura jurídica y política transcurran lejos de su influencia se me aparece como un asfixiante vacío legal, un caótico desierto moral, acaso la distopía política autodestructiva que precedió su palabra, y acecharía su olvido."
"Micaela Alterio","Nino son los primeros libros que me ilusionaron con el derecho y que aún me acompañan, encontrar una comunidad con sus discípulxs, también mi amigo Ezequiel."
"Matias Sucunza","Borré este párrafo un par de veces. Escribir sobre Nino me da vergüenza. Nino, en y para mí, no ha sido un gran filósofo o jurista. Nino no son sus obras. Aún en su inmensidad, es decir poco o mal de él. Nino fue y será un lugar, un modo de ser y hacer, en torno al cual nos hemos reunido por generaciones. Una comunidad, una mitología, casi un credo, de un solo dogma: discutirlo todo, en todo momento, de igual a igual. El hecho de haber cobijado a gente tan distinta y alimentar sus inquietudes con su tiempo, creo que es un ejemplo de lo que intento recuperar y de lo más hermoso de su legado. El primer librito que escribí se lo dediqué a él. Esa falta de respeto seguramente habría sido recibida con la misma gentileza con la que, según cuentan quienes estuvieron a su lado, recibía incluso las ocurrencias de quienes apenas conocía. Nino, en y para mí, es una responsabilidad. Una de las razones por las que sigo creyendo que luchar por el derecho tiene sentido."
"Natalia Volosín","No conocí a Nino, pero Nino sabía quién era yo antes de que yo misma lo supiera. Sólo eso explica el efecto que me produjo su obra al primer contacto. No es algo que ocurra muchas veces en la vida. Lo sentí con Saer, con Pound, con algunas comidas, músicas o paisajes y, por supuesto, con el amor. Nino es un viaje. De ida, claro. Al principio lo leía sin entender casi nada pero, a la vez, entendiendo en otro plano, como si hubiera una trama no del todo clara, pero también una estructura, un procedimiento que me resultaba demasiado familiar. No sé cómo explicarlo. Él seguramente podría. Maurino, el poeta del derecho, seguramente podrá. Sin Nino, mi cosmovisión no sería la que es, y no hablo del derecho, la moral y la política. Hablo de la vida. Sin mi Nino, desde luego. La primera semana en YLS lo soñé. Sentía, creo que con razón, que estaba ahí por él. En el sueño andaba vagando un poco perdida hasta que aparecía Nino y, en un tono tierno pero levemente solemne, me decía ""yo soy tu maestro"". Mucho Star Wars, señora. Pero sí, lo era. Lo es. Gracias por tanto, maestro."
"Valeria Berros y Stéfano Saluzzo","Un jueves de fines de agosto de 2026 un grupo de estudiantes de la carrera de abogacía de la Universidad Nacional del Litoral tuvieron una clase de la asignatura ""Sociología y Derecho"" en el Espacio de la Memoria Ex Comisaría 4ta de la ciudad de Santa Fe, titulada ""Historias de creación jurídica: crímenes de lesa humanidad y genocidio"". Desde hace algunos años uno de los sentidos de la cátedra es reflexionar sobre el derecho como proceso creativo que se va forjando históricamente. El prólogo de ""Ética y Derechos Humanos"" y su invitación a pensar los derechos humanos como invención son parte de lo que Valeria Berros les explica dentro de la introducción a la materia en -tal vez- un desvío de lo que en general se plantea en cualquier inicio de sociología para estudiantes de derecho. Luego, Stéfano Saluzzo cuenta una historia concreta: la manera en que se han gestado las ideas de genocidio y delitos contra la humanidad. El final de su presentación es una fotografía del juicio a las juntas. Este año por primera vez la clase transcurrió en un espacio dedicado a la memoria y no en un aula de la facultad. Sucedió en una mañana gris y húmeda del litoral, en la antigua cochera por donde ingresaban a las personas, muchas de las cuales permanecen desaparecidas. La clase transcurrió en el sitio en que hoy se encuentran las fotografías de los rostros de las ausencias santafesinas, junto con banderas más recientes, como aquella que refiere al caso ""Laguna Paiva II"" que logró, por primera vez, una condena por abandono de infancias como delito de lesa humanidad. Estas horas transcurridas allí tal vez aún muestran que las creaciones jurídicas valiosas y el trabajo colectivo en esa dirección permanecen: en textos, trabajo, emociones, luchas y pensamientos compartidos. Sólo dos estudiantes habían visitado antes este lugar. No sabemos bien cuántos de ellos y ellas habían tenido alguna aproximación anterior a Carlos Nino, pero quizás ahora lo recuerden como parte de esa escena en la que, tal vez sin buscarlo expresamente, le rendimos homenaje en cada inicio de cuatrimestre."
"Roberto de Michele ","'Un País al Margen de la Ley' es tal vez la mejor explicación sobre la corrupción en la Argentina y qué hacer para solucionar este problema. Es también una propuesta vigente. Tuve el privilegio de trabajar para Nino a partir de 1984, cuando convocó a un pequeño grupo de estudiantes a colaborar con él. Había sido recientemente designado junto a Jaime Malamud Goti por Raúl Alfonsín para asesorarlos en temas de derechos humanos y reformas institucionales. Luego vinieron otros y diversos desafíos, bien presentados por Roberto Gargarella en su laudatio del 24/3/26 en LCDD. Nino nos convocó a Roberto Saba y a mí para buscar materiales, referencias, discutir a medida que avanzaba la redacción y la edición de este libro. Un País al Margen de la Ley es tal vez uno de los primeros estudios sobre la corrupción que aporta datos y cifras, y que utiliza un enfoque multicausal. Nino, sin embargo, transmitía alguna prevención sobre su análisis. Además de una cierta dosis de escepticismo, desde la dedicatoria. Creía que ese enfoque era propio de la ciencia política, o la sociología, que no eran su especialidad. Cuando vuelvo a revisar esa primera edición y todas las anotaciones marginales que he hecho, creo que ese temor era injustificado. Es precisamente esa brillante combinación de análisis filosófico, político, jurídico, de diseño institucional, de teoría de los juegos, que hace que este libro sea - en mi modesta opinión - algo fuera de lo común. En mi caso, ha determinado en gran medida mi carrera y la manera en la que trato de entender la corrupción y qué hacer para controlarla. Con variados resultados, hace más de 30 años que trato de refutar su escepticismo. La lamentable vigencia de la corrupción es una buena excusa para releer a Nino."
"Marcelo Alegre","Nino entendía que su mejor contribución al momento histórico que se abría con las elecciones de 1983 era aportar ideas para resolver los problemas más urgentes del país. La filosofía era para él una herramienta para comprender y cambiar el mundo. La filosofía analítica en particular le resultaba atractiva debido a su aspiración de rigor argumental y claridad expositiva, lo que la volvía de gran utilidad desde la perspectiva del enriquecimiento del debate democrático."
"Martín Antonio Sabelli","Conocí a Carlos Nino en la Facultad de Derecho de Yale por esas casualidades de la vida que nos marcan mucho más que las decisiones más pensadas. Por su invitación, volví al país de mis padres, que habían huido la Noche de los Bastones Largos, y, gracias a esa invitación, descubrí un mundo de ideas, ideales, e idealistas que se atrevían a imaginar el país que seguimos buscando. Entre las paredes del Consejo – muchas veces al atardecer en una mesa de café, facturas y debate – aprendí a soñar grande, sin miedo, de lo que vamos a lograr un día si nos guiamos por la ética, compasión, y coraje de un hombre tan potente en espíritu, y tristemente tan frágil de cuerpo."
"Máximo Lanusse","Cursé la carrera de grado en Derecho UBA, con el cambio de milenio. Solo conocí a Carlos Santiago Nino, a través de su obra escrita y su obra viva, tantos profesores brillantes por él formados, además de enormes maestros de su misma generación que tuvieron tremenda influencia. Fue como un oasis para mí. Tenía hambre y sed del pensamiento crítico, analítico, profundo y el modo en que enlazó la filosofía jurídica, la filosofía moral y la filosofía política, marcó a fuego mi modo de pensar la práctica jurídica, los derechos humanos y el horizonte democrático. Comprender con el tiempo, la manera en que el grupo de los filósofos fueron una máxima referencia para quien condujo la transición democrática en nuestro país, es una fuente de inspiración constante en mi vida. Solo puedo sentir gratitud por los mundos que se generaron por la potencia de su pensamiento, campos de fuerza, que hasta el día de hoy siguen congregando generaciones. Pienso en Nino, y no puedo evitar pensar en “los Conjurados” de Jorge Luis Borges."
"Noelia Garone","En un tiempo que parece haber hecho de bastarse a uno mismo una virtud, y que con demasiada facilidad convierte al otro en adversario antes que en interlocutor, hay algo especialmente poderoso en una teoría que nos recuerda la banalidad de la suficiencia individual cuando se trata de pensar la justicia. Lo colectivo aparece como condición de posibilidad. Esa idea atraviesa a Nino, pero encuentra una expresión especialmente potente en su concepción de la deliberación. Pensar en soledad es menos confiable porque tendremos dificultades para representarnos los intereses de los demás. La conversación con otros importa porque sus razones, experiencias y perspectivas pueden mostrarnos aquello que desde nuestro lugar no alcanzábamos a ver y acercarnos, así, a esa verdad moral que Nino vincula con una consideración más imparcial de los intereses de todos. Hay allí, quizás, una pequeña impugnación de la soledad moral dado que ninguna mirada basta por sí sola y la presencia del otro no limita nuestra razón, sino que puede ensancharla. Nino trae así a la conversación una ambición transformadora, para pensar un poco mejor lo que es justo, necesitamos a los demás."
"Luis Ovsejevich","En las décadas de 1960 y 1970 fui docente en la Facultad de Derecho de la UBA. A través de esos años en los diversos cursos que di tuve alumnos que me llamaron la atención por su gran inteligencia. Sin duda uno de ellos fue Carlos Nino. Es decir ya desde muy joven demostraba lo que sería su futuro. Una excelente persona preocupada por los destinos de nuestro país y que dejó su huella. Lástima que se haya ido tan joven. Tuve la satisfacción de entregarle el Konex de Platino en 1986 en Ética. Y este año recibirá una Mención Especial (Homenaje). Mi sentido recuerdo hacia él."
"Ornella Mazza Gigena","No conocí personalmente a Carlos Nino, y quizás por eso “mi Nino” está hecho enteramente de la interpretación que pude darle -y que mis maestros le han dado- a sus textos. Pero si tuviera que decir qué quedó de él en mi manera de pensar el derecho, no elegiría un libro u obra en particular -¡qué difícil elegir sólo una!- sino una actitud, una forma de entender el vínculo que tenemos con el derecho, un lente con el que mirarlo, y es la incomodidad frente a aquello que los abogados y abogadas tendemos a dar por sentado. Nino era incapaz de aceptar que una práctica, una institución o una solución jurídica se justificaran simplemente porque “el derecho es así”. Detrás venía siempre otra pregunta: ¿por qué debería ser así?, ¿qué razones tenemos para sostener eso?, ¿podríamos justificárselo a quienes tienen que vivir bajo sus consecuencias y designios? Tal vez por eso, aún cuando una podría discrepar con algunas de sus respuestas, sigue siendo tan difícil salir indemne de su lectura. Nino no dejó sólo argumentos, dejó preguntas que nos interpelan y vuelven incómodo al derecho. Y quizás eso sea una de las mejores cosas que un jurista puede dejarle a su comunidad."
"Raúl Gustavo Ferreyra","En 1978, en plena dictadura militar, solamente sabía decir «no». Tal vez era un ejercicio sobre aquello que había aprendido de Albert Camus en El hombre rebelde (1951): que hay momentos en los que decir «no» es, acaso, la primera forma de decir «yo». Al ingresar en ese año a la Facultad de Derecho, en un contexto de autoritarismo y negación del Estado constitucional, los discursos en las cátedras y cursos de “Introducción al Derecho” y de “Filosofía del Derecho” disputaban el cetro del oscurantismo y la ignorancia. Había dogma, pocas preguntas y casi ninguna duda. Todo sin diálogo. Con el paso de los años aprendí —o simplemente supe— que, en la vida, la mayoría de los estados suceden por casualidad. Y fue precisamente entonces, casi por casualidad, cuando descubrí las Notas de Introducción al Derecho de Carlos Santiago Nino [1973-1975]. Una obra estupenda que me permitió conocer los distintos enfoques del Derecho y elegir, para siempre, un normativismo crítico, bien moderado y básicamente racionalista. Las Notas de Introducción al Derecho de Nino llegaron junto con las Notas sobre Derecho y lenguaje de Genaro Carrió [1965] y se constituyeron en mis libros iniciales. En 2001 publiqué mi primer libro sobre teoría, Notas sobre Derecho constitucional y garantías. En sus «Palabras preliminares» dejé expresada la evocación de aquellas «Notas» de Nino y de su influencia en mis primeras lecturas y escrituras de juventud. Y también en la asunción de las decisiones epistémicas y ontológicas sobre el Derecho. Los escritos contenidos en Notas sobre Derecho constitucional y garantías son una tesis, aunque sin rúbrica institucional, sin protocolos ni enjuiciamientos académicos. Son el fruto de aquellas lecturas y escrituras de juventud. Quizá el título no fue una casualidad. De allí que estas letras lleven también la marca de aquellas primeras lecturas en el Derecho. Y por eso están dedicadas a Nino. No solamente por lo que enseñó, porque, naturalmente, con el curso de los años he podido disfrutar de gran parte de su inteligente, original y solvente producción filosófica y constitucional.
También por haberme mostrado, en un momento en que decir «no» parecía ser casi todo lo que podía hacerse, que el Derecho podía ser pensado y realizado de otra manera."
"María Victoria Ricciardi","No lo conocí a Nino. Para ser exacta, no lo conocí personalmente. Aunque, en realidad, lo conozco. Cuando pienso en Nino me sucede algo parecido a cuando en mi familia relatan un momento que no recuerdo haber vivido, pero de alguna manera puedo evocar perfectamente. Me pasa con el festejo del Mundial 86: no lo recuerdo, pero lo viví. A Nino no lo viví, pero lo evoco. Lo conocí en la Facultad. Otros, más suertudos, llegan habiéndolo conocido. Ahora que lo pienso, tal vez yo también tuve mi suerte: me inscribí en la comisión de Teoría del Derecho a cargo de Marcelo Alegre, en la cátedra de Rosenkrantz, con Paola Bergallo como parte del equipo docente; ahí estudiamos a Nino y lo mejor de la teoría del derecho. Luego seguí estudiándolo con sus discípulos, quienes continúan su tradición y su compromiso académico y público. Fue el comienzo de un camino que me dio mucho más de lo que jamás pensé posible en el derecho. En uno de esos años de cursada, como estudiante, Roberto Gargarella nos invitó a María Piqué y a mí a un seminario de teoría legal que organizaban Martín Farrell y Jaime Malamud Goti. Seguro para ellos fue un seminario más, pero para mí fue algo único: con el tiempo entendí que es en esos momentos donde uno termina de comprender la verdadera huella que dejó Nino."
"Owen Fiss","Carlos hablaba al mundo, pero también era parte de él. Sus ideas fueron moldeadas por lo que ocurría en el mundo, de la misma forma como estos eventos fueron en parte moldeados por sus ideas. Su agenda intelectual reflejaba las exigencias de la historia, y sus puntos de vista teóricos iban siendo pulidos y a menudo reformulados a la luz de su experiencia vital. Desde esta perspectiva, el hecho más decisivo para el desarrollo intelectual de Carlos fue el juicio de la junta en 1985. Era para Carlos un medio para restaurar la democracia en Argentina -promoviendo la deliberación pública y reafirmando las normas básicas sobre las que el nuevo régimen debía descansar. Ésta era, para él, la forma más efectiva de prevenir otra dictadura. Esta concepción del asunto dotó al juicio de urgencia moral, pero al mismo tiempo permitió la introducción de ciertas consideraciones pragmáticas. Había que preguntarse constantemente si el juicio fomentaba, de hecho, la consolidación de la democracia. En los días de la semana santa de 1987 estaba de visita en Buenos Aires. La sublevación militar generó manifestaciones públicas masivas en apoyo del gobierno y su intento de reconstruir la democracia. Avanzada la noche del Viernes Santo, recorrí las calles de Buenos Aires con Carlos y vi el orgullo que sentía por las manifestaciones. Representaban en parte un tributo a lo que el pueblo argentino había aprendido de los juicios -nunca más- y una reivindicación de la teoría que él había propuesto para defenderlos. Como souvenir, Carlos me compró la última edición de La Razón con el titular excepcional: “El pueblo apoya a la democracia”. Aunque era un filósofo del derecho, siempre estuvo a caballo entre el mundo de la política y el de la filosofía, inspirándose en ambos, a veces impacientándose con uno, luego con el otro. Carlos era un erudito, pero a la vez muy sencillo. Siempre jovial, era la personificación de la vida misma, y participaba en las discusiones con gran exuberancia. Fue, quizás, el mejor filósofo del derecho que Latinoamérica ha producido jamás."
"José Ignacio López","Para mí, Carlos Nino es sinónimo de la comprensión del Derecho. Recuerdo aquellos primeros pasos en la Facultad de Ciencias Jurídicas y Sociales de La Plata, cuando, joven y sin referencias jurídicas, me enfrentaba al desafío de preparar libre Introducción al Derecho. El primer examen fue un fracaso. Pero el profesor titular, con esa sabiduría que a veces tienen los docentes, me señaló un camino: ""Leé a Nino"". Abrí entonces su ""Introducción al Análisis del Derecho"" y, página tras página, ocurrió el milagro: su prosa clara, sus ejemplos precisos, deshicieron la niebla. Nino no me enseñó una materia; me enseñó a pensar jurídicamente. En la mesa siguiente, mi libreta estampó un aprobado. Pero lo que realmente quedó sellado fue mi deuda con él: la certeza de que el Derecho, cuando se explica bien, es un acto de generosidad."
"Oscar Flores","Leer a Carlos Nino me hizo entender que el art 19 CN es el Aleph constitucional: el punto donde convergen y se explican todos los demás derechos y garantías."
"Aída Kemelmajer de Carlucci","Cuando hablo de autonomía, en cualquier ámbito en que lo hago, ineludiblemente debo citar a Carlos Nino cuando afirma: “La autonomía personal es la capacidad que tenemos los seres humanos de decidir qué queremos hacer con nuestras vidas, de diseñar y poner en marcha nuestro propio plan de vida, tal como lo sostenía Emmanuel Kant. Sin embargo, para que esa autonomía pueda ser efectiva, para que la libertad pueda ser desarrollada, las personas debemos contar con opciones reales que muchas veces no podemos tener sin la ayuda del Estado” (NINO, Carlos, Ética y derechos humanos, Astrea, Buenos Aires, 1989, Capítulo 5). Solo alguien que dedicó su vida a pensar la libertad humana puede resumir en forma tan perfecta un concepto tan difícil. Teóricamente, la libertad es propia de la vida individual, pero en la realidad, para que esas opciones no existan solo en las declaraciones, en ocasiones, se necesita el auxilio del Estado. Se trata de la síntesis casi perfecta entre los grandes valores del constitucionalismo moderno: la libertad, la igualdad y la solidaridad."
"Gustavo Arballo","Un oprobioso mes de diciembre de 1994 rendí Introducción al Derecho, cátedra I, en La Plata. Sin cursada y en modalidad “libre” mi preparación para el examen era, por así decirlo, dispar (y mi presentación al examen, en consecuencia, algo audaz), pero luego de alguna hesitación fui llevando el flujo de ideas de forma más o menos orgánica hasta que escuché el “suficiente”. Me tomaba examen oral el profesor Juan Carlos Smith hijo, me puso un ocho, y cuando terminó, me dijo: “se nota que usted ha leído a Nino, a Carlos Santiago Nino” (lo dijo como si se refiriera a Bond, James Bond). Supongo que infirió eso porque recuerdo en el examen haber mencionado el caso de “Los Caballeros de la Noche” (que aparece en “Introducción al Análisis del Derecho”, que lo sabía pero por otra fuente. La verdad es que no lo había leído (aunque no iba a declarar en mi contra en esa mesa de examen) pero la afirmación de Smith me puso en deuda: ahora deberé leerlo. A eso me aboqué en el verano del 95, con la doble dosis de “Un país al margen de la ley” y de “Fundamentos de Derecho Constitucional”. Comparado con el resto de libros de derecho dogmático, era la pura verdad, era ver a alguien que “jugaba a otra cosa”, era pasar de ver en blanco y negro a ver en color, algo que solo me pasaba con Genaro Carriò. Al leer los “Fundamentos”, me daba la sensación de alguien que agarraba un cubo de Rubik mezclado con el mestizo genoma del derecho constitucional y lo volvía a armar en caras de colores puros frente a mis ojos. “Un país al margen” era otra cosa, un autor al que en ese momento el derecho ya le quedaba chico, y saltaba de la península de la subcosa jurídica al continente de las cosas públicas – y desde ese lugar: qué distinto se ve la península. Luego vendrían (en el orden de mis lecturas) los debates con Zaffaroni, otras obras, “Ética y Derechos Humanos”, y el hermosísimo “Juicio al Mal Absoluto”. Llegué a Nino así, siempre de modo escrito (conocí a sus allegados solo muchos años después),. saltando de piedra en piedra, y luego seguí el hilo hasta sus primeros trabajos, y me dio siempre la idea de un talento esclarecedor y, sobre todo, en buena medida charlado, pues se nota el pulso de argumentos construidos en modo dialéctico, no obra de una “eminencia” trascendente, un dispensar de axiomas, sino de alguien que nos va llevando de la mano, y eso es lo mejor de todo, quizá lo único que importan en el derecho. Muchas gracias Doctor Smith, muchas gracias sobre todo Doctor Nino.."
"Emiliano Vitaliani","Más allá de sus trabajos, uno de los grandes aportes de Nino al derecho fue haber formado a una gran generación de juristas que terminaron ocupando distintos espacios relevantes. Sin embargo, muchos de quienes ya no somos tan jóvenes nunca llegamos a conocerlo; algunos incluso nacimos después de su fallecimiento. Creo, sin embargo, que Nino también nos formó. La figura espectral de Nino, el teórico preciso, abierto y comprometido que estuvo detrás del Juicio a las Juntas, la mayor gesta jurídica de la historia argentina, ejerce sin lugar a dudas una influencia infinita incluso sobre quienes no lo conocimos. Hay dos formas en las que Nino nos sigue formando. La primera, más fácilmente observable, es que muchos de sus discípulos fueron y son nuestros profesores. Hay otra forma, sin embargo, más oculta y sutil. Así como las naciones necesitan héroes y narrativas sobre las que construir el futuro, las comunidades académicas y profesionales también. Nino, así, no solo nos ofrece los que tal vez sean los mejores libros y artículos escritos en nuestro país, sino que también funciona como mito, como narrativa, y nos obliga a intentar estar a la altura de este legado. Muchos años después de su fallecimiento, entonces, la fuerza de su legado hace que muchos nos sintamos increíblemente cercanos a una persona a la que nunca conocimos y tributarios de una tradición que Nino cimentó. Si el derecho necesita narrativas y las narrativas necesitan héroes, la contribución de Nino se extiende mucho más allá de sus trabajos y sus discípulos para alcanzar a todos aquellos que vemos en su figura lo mejor de nuestro derecho y, por lo tanto, una tradición que merece ser honrada."
"Tomás Fernandez Fiks","No tuve el placer de conocer personalmente a Carlos Nino. Sin embargo, sus textos marcaron profundamente mi desarrollo académico e intelectual. En particular, su libro Juicio al mal absoluto (Siglo XXI Editores, 2015)  tuvo una enorme influencia en la formación de mis inquietudes teóricas y en la manera de abordarlas. A lo largo de los años he vuelto una y otra vez a sus páginas, encontrando en cada relectura nuevas razones para reflexionar y cuestionar mis propias ideas. En ese derrotero siento haber dialogado con Nino, aunque de manera un tanto peculiar: asincrónica e indirecta. También creo haberlo conocido, en cierta medida, a través de algunos de mis maestros, quienes siempre procuraron transmitir su pensamiento a nuevas generaciones. Por todo ello, siento hacia su obra una profunda deuda intelectual, que espero algún día poder honrar."
"Pedro Caminos","La primera vez que leí a Carlos Nino no lo entendí. Fue en un hueco entre dos materias en mi época de estudiante, tal vez en el año 2001. Fui a la biblioteca a la Facultad y me senté a leer uno de los ejemplares disponibles de Introducción al Análisis del Derecho. En particular, me llamó la atención el capítulo referido al debate entre el positivismo y el iusnaturalismo. Por un lado, me incomodaba que Nino presentara posiciones y argumentos y, a continuación, procediera a refutarlos demoledoramente. Parecía que nada quedaba en pie, que nunca aparecía un piso a partir del cual construir. Mi necesidad estudiantil de certezas se veía irremediablemente frustrada por la vis destructiva del intelecto de Nino. Tampoco me tranquilizó su conclusión sobre el debate entre iusnaturalistas y positivistas. La idea de que, en realidad, unos y otros hablan de cosas diferentes me sonaba rara. Entonces, cuando digo que no lo entendí no me refiero a que no comprendía sus palabras (aunque ese libro es ciertamente farragoso) sino a que no captaba el tipo de empresa intelectual que Nino estaba llevando a cabo. Acostumbrado a los manuales expositivos que explicaban un tema sin pensar sobre él, el libro de Nino me desorientaba. Sin embargo, un tiempo después, hacia el año 2003, me compré La Constitución de la Democracia Deliberativa. Ese libro discutía temas más concretos con los que yo, a esa altura de la carrera, estaba más familiarizado. También tenía un tono propositivo en el que aparecía la vis constructiva del intelecto de Nino. Ahí entendí que lo que Nino hacía era filosofar. El núcleo de esa actividad es usar al máximo la capacidad crítica del pensamiento para destruir las creencias que hasta el momento teníamos por seguras para, a partir de allí, avanzar con creencias reafirmadas, pero siempre revisables. Nunca tuve la capacidad de Nino para ese tipo de ejercicio. Pero aprendí gracias a él a identificar a quienes sí la tienen y admirarlos por ello. También advertí que, como dijo Tyrion Lannister, “para estar afilada, la mente necesita libros, así como un cuchillo necesita una piedra de afilar”. Por eso en los años siguientes a leer La Constitución de la Democracia Deliberativa fui buscando los libros que Nino había citado allí. A diferencia del primer libro suyo que había leído, que me había incomodado, el segundo me resultó fascinante y despertó en mi un apetito intelectual no saciado hasta el día de hoy. Esta es mi deuda con su obra y su pensamiento."
"Emanuel Olivares","Mí primer acercamiento a la obra de C. S. Nino fue en 2004, el primer año de mí carrera de abogacía. Desde aquel día, en que leí ”Fundamentos de Derecho Constitucional"" (Astrea, 1993), supe que quería ser docente e investigador, así como que mí obsesión sería la proyección de una reforma institucional que nos permita acceder a un sistema político deliberativo de calidad. Recuerdo hoy, como si fuera ayer, el efecto que tuvieron esas páginas en mí comprensión filosófica del derecho público. Hace algo más de un lustro tuve el placer de coordinar y escribir un libro de autoría colectiva, en homenaje a su obra, ""Dialécticas Normativas"" (EdUNC, 2019), donde algunos de sus ""hijos y nietos academicos"" repensamos una selección de sus textos. Actualmente, mí línea de trabajo como Investigador del CONICET, y mis clases como Profesor de derecho en la UB, tienen por epicentro una concepción republicana reflexiva de la democracia, en cuyo corazón laten aún ciertos presupuestos nineanos."
"Juan F. González Bertomeu","Hace unos días, alguien recordaba el siguiente poema atribuido a Manuel Mujica Lainez (“A un joven escritor”): Inútil es que te forjes / idea de progresar / porque aunque escribas la mar / antes lo habrá escrito Borges. Podríamos tomarlo como inspiración, y ofrecer imprudentemente este otro: Al ilustre jurista latino, / que sueña con transformar, / al cerrar los libros de Nino / ¿qué le queda por inventar? O aun este otro más coloquial: Difícil no bajar los brazos / para el académico argentino / viendo cómo el gran Nino / clavó semejantes golazos."
